naam,uri_naam,uri_amco,amco,cbs_code,geonames,startjaar,eindjaar,provincie
Aalburg,http://www.gemeentegeschiedenis.nl/gemeentenaam/Aalburg,http://www.gemeentegeschiedenis.nl/amco/11084,11084,738,2760143,1973,heden,Noord-Brabant
Aalst [NB],http://www.gemeentegeschiedenis.nl/gemeentenaam/Aalst_NB,http://www.gemeentegeschiedenis.nl/amco/11423,11423,1001,0,oudsher,1923,Noord-Brabant
Aarle-Rixtel,http://www.gemeentegeschiedenis.nl/gemeentenaam/Aarle-Rixtel,http://www.gemeentegeschiedenis.nl/amco/10757,10757,739,0,oudsher,1997,Noord-Brabant
Alem,http://www.gemeentegeschiedenis.nl/gemeentenaam/Alem,http://www.gemeentegeschiedenis.nl/amco/10745,10745,,0,oudsher,1821,Noord-Brabant
"Alem, Maren en Kessel",http://www.gemeentegeschiedenis.nl/gemeentenaam/Alem__Maren_en_Kessel,http://www.gemeentegeschiedenis.nl/amco/10495,10495,1007,0,1821,1958,Noord-Brabant
Almkerk,http://www.gemeentegeschiedenis.nl/gemeentenaam/Almkerk,http://www.gemeentegeschiedenis.nl/amco/10788,10788,740,0,oudsher,1973,Noord-Brabant
Alphen-Chaam,http://www.gemeentegeschiedenis.nl/gemeentenaam/Alphen-Chaam,http://www.gemeentegeschiedenis.nl/amco/10710,10710,1723,6544249,1997,heden,Noord-Brabant
Alphen en Riel,http://www.gemeentegeschiedenis.nl/gemeentenaam/Alphen_en_Riel,http://www.gemeentegeschiedenis.nl/amco/10710,10710,741,0,oudsher,1997,Noord-Brabant
Andel,http://www.gemeentegeschiedenis.nl/gemeentenaam/Andel,http://www.gemeentegeschiedenis.nl/amco/10871,10871,742,0,oudsher,1973,Noord-Brabant
Asten,http://www.gemeentegeschiedenis.nl/gemeentenaam/Asten,http://www.gemeentegeschiedenis.nl/amco/10478,10478,743,2759619,oudsher,heden,Noord-Brabant
Baardwijk,http://www.gemeentegeschiedenis.nl/gemeentenaam/Baardwijk,http://www.gemeentegeschiedenis.nl/amco/10006,10006,1015,0,oudsher,1922,Noord-Brabant
Baarle-Nassau,http://www.gemeentegeschiedenis.nl/gemeentenaam/Baarle-Nassau,http://www.gemeentegeschiedenis.nl/amco/10060,10060,744,2759553,oudsher,heden,Noord-Brabant
Bakel,http://www.gemeentegeschiedenis.nl/gemeentenaam/Bakel,http://www.gemeentegeschiedenis.nl/amco/10749,10749,,0,oudsher,1819,Noord-Brabant
Bakel en Milheeze,http://www.gemeentegeschiedenis.nl/gemeentenaam/Bakel_en_Milheeze,http://www.gemeentegeschiedenis.nl/amco/10749,10749,745,0,1819,1997,Noord-Brabant
Beek en Donk,http://www.gemeentegeschiedenis.nl/gemeentenaam/Beek_en_Donk,http://www.gemeentegeschiedenis.nl/amco/10173,10173,746,0,oudsher,1997,Noord-Brabant
Beek [NB],http://www.gemeentegeschiedenis.nl/gemeentenaam/Beek_NB,http://www.gemeentegeschiedenis.nl/amco/11354,11354,1247,0,1942,1951,Noord-Brabant
Beers,http://www.gemeentegeschiedenis.nl/gemeentenaam/Beers,http://www.gemeentegeschiedenis.nl/amco/11410,11410,747,0,oudsher,1994,Noord-Brabant
Bergeijk,http://www.gemeentegeschiedenis.nl/gemeentenaam/Bergeijk,http://www.gemeentegeschiedenis.nl/amco/11160,11160,1724,2759131,1998,heden,Noord-Brabant
Bergen op Zoom,http://www.gemeentegeschiedenis.nl/gemeentenaam/Bergen_op_Zoom,http://www.gemeentegeschiedenis.nl/amco/11037,11037,748,2759144,oudsher,heden,Noord-Brabant
Bergeyk,http://www.gemeentegeschiedenis.nl/gemeentenaam/Bergeyk,http://www.gemeentegeschiedenis.nl/amco/11160,11160,749,0,oudsher,1998,Noord-Brabant
Berghem,http://www.gemeentegeschiedenis.nl/gemeentenaam/Berghem,http://www.gemeentegeschiedenis.nl/amco/10733,10733,750,0,oudsher,1994,Noord-Brabant
Berkel-Enschot,http://www.gemeentegeschiedenis.nl/gemeentenaam/Berkel-Enschot,http://www.gemeentegeschiedenis.nl/amco/11132,11132,751,0,oudsher,1997,Noord-Brabant
Berlicum,http://www.gemeentegeschiedenis.nl/gemeentenaam/Berlicum,http://www.gemeentegeschiedenis.nl/amco/10362,10362,752,0,oudsher,1996,Noord-Brabant
Bernheze,http://www.gemeentegeschiedenis.nl/gemeentenaam/Bernheze,http://www.gemeentegeschiedenis.nl/amco/10149,10149,1721,6544268,1995,heden,Noord-Brabant
Besoijen,http://www.gemeentegeschiedenis.nl/gemeentenaam/Besoijen,http://www.gemeentegeschiedenis.nl/amco/10056,10056,1020,0,oudsher,1922,Noord-Brabant
Best,http://www.gemeentegeschiedenis.nl/gemeentenaam/Best,http://www.gemeentegeschiedenis.nl/amco/10442,10442,753,2759039,1821,heden,Noord-Brabant
Beugen en Rijkevoort,http://www.gemeentegeschiedenis.nl/gemeentenaam/Beugen_en_Rijkevoort,http://www.gemeentegeschiedenis.nl/amco/10252,10252,1021,0,oudsher,1942,Noord-Brabant
Bladel,http://www.gemeentegeschiedenis.nl/gemeentenaam/Bladel,http://www.gemeentegeschiedenis.nl/amco/11006,11006,1728,0,1997,heden,Noord-Brabant
Bladel en Netersel,http://www.gemeentegeschiedenis.nl/gemeentenaam/Bladel_en_Netersel,http://www.gemeentegeschiedenis.nl/amco/11006,11006,754,2758877,oudsher,1997,Noord-Brabant
Boekel,http://www.gemeentegeschiedenis.nl/gemeentenaam/Boekel,http://www.gemeentegeschiedenis.nl/amco/10432,10432,755,2758757,oudsher,heden,Noord-Brabant
Bokhoven,http://www.gemeentegeschiedenis.nl/gemeentenaam/Bokhoven,http://www.gemeentegeschiedenis.nl/amco/11083,11083,1023,0,oudsher,1922,Noord-Brabant
Borkel en Schaft,http://www.gemeentegeschiedenis.nl/gemeentenaam/Borkel_en_Schaft,http://www.gemeentegeschiedenis.nl/amco/11013,11013,1026,0,oudsher,1934,Noord-Brabant
Boxmeer,http://www.gemeentegeschiedenis.nl/gemeentenaam/Boxmeer,http://www.gemeentegeschiedenis.nl/amco/11227,11227,756,2758461,oudsher,heden,Noord-Brabant
Boxtel,http://www.gemeentegeschiedenis.nl/gemeentenaam/Boxtel,http://www.gemeentegeschiedenis.nl/amco/10083,10083,757,2758459,oudsher,heden,Noord-Brabant
Breda,http://www.gemeentegeschiedenis.nl/gemeentenaam/Breda,http://www.gemeentegeschiedenis.nl/amco/10154,10154,758,2758400,oudsher,heden,Noord-Brabant
Budel,http://www.gemeentegeschiedenis.nl/gemeentenaam/Budel,http://www.gemeentegeschiedenis.nl/amco/10219,10219,759,0,oudsher,1998,Noord-Brabant
Capelle,http://www.gemeentegeschiedenis.nl/gemeentenaam/Capelle,http://www.gemeentegeschiedenis.nl/amco/11233,11233,1036,0,oudsher,1923,Noord-Brabant
Chaam,http://www.gemeentegeschiedenis.nl/gemeentenaam/Chaam,http://www.gemeentegeschiedenis.nl/amco/11433,11433,760,0,oudsher,1997,Noord-Brabant
Cranendonck,http://www.gemeentegeschiedenis.nl/gemeentenaam/Cranendonck,http://www.gemeentegeschiedenis.nl/amco/10219,10219,1706,6544288,1998,heden,Noord-Brabant
Cromvoirt,http://www.gemeentegeschiedenis.nl/gemeentenaam/Cromvoirt,http://www.gemeentegeschiedenis.nl/amco/10053,10053,1039,0,oudsher,1933,Noord-Brabant
Cuijk,http://www.gemeentegeschiedenis.nl/gemeentenaam/Cuijk,http://www.gemeentegeschiedenis.nl/amco/10023,10023,1684,2757873,1994,heden,Noord-Brabant
Cuijk en Sint Agatha,http://www.gemeentegeschiedenis.nl/gemeentenaam/Cuijk_en_Sint_Agatha,http://www.gemeentegeschiedenis.nl/amco/10023,10023,761,0,oudsher,1994,Noord-Brabant
Deurne,http://www.gemeentegeschiedenis.nl/gemeentenaam/Deurne,http://www.gemeentegeschiedenis.nl/amco/10379,10379,762,2757008,1926,heden,Noord-Brabant
Deurne en Liessel,http://www.gemeentegeschiedenis.nl/gemeentenaam/Deurne_en_Liessel,http://www.gemeentegeschiedenis.nl/amco/10379,10379,1041,0,oudsher,1926,Noord-Brabant
Deursen en Dennenburg,http://www.gemeentegeschiedenis.nl/gemeentenaam/Deursen_en_Dennenburg,http://www.gemeentegeschiedenis.nl/amco/10209,10209,1042,0,oudsher,1923,Noord-Brabant
"Dieden, Demen en Langel",http://www.gemeentegeschiedenis.nl/gemeentenaam/Dieden__Demen_en_Langel,http://www.gemeentegeschiedenis.nl/amco/11138,11138,1043,0,oudsher,1923,Noord-Brabant
Diessen,http://www.gemeentegeschiedenis.nl/gemeentenaam/Diessen,http://www.gemeentegeschiedenis.nl/amco/11185,11185,763,0,oudsher,1997,Noord-Brabant
Dinteloord en Prinsenland,http://www.gemeentegeschiedenis.nl/gemeentenaam/Dinteloord_en_Prinsenland,http://www.gemeentegeschiedenis.nl/amco/11193,11193,764,0,oudsher,1997,Noord-Brabant
Dinther,http://www.gemeentegeschiedenis.nl/gemeentenaam/Dinther,http://www.gemeentegeschiedenis.nl/amco/10690,10690,1044,0,oudsher,1969,Noord-Brabant
Dommelen,http://www.gemeentegeschiedenis.nl/gemeentenaam/Dommelen,http://www.gemeentegeschiedenis.nl/amco/10424,10424,1045,0,oudsher,1934,Noord-Brabant
Dongen,http://www.gemeentegeschiedenis.nl/gemeentenaam/Dongen,http://www.gemeentegeschiedenis.nl/amco/11412,11412,766,2756722,oudsher,heden,Noord-Brabant
Drimmelen,http://www.gemeentegeschiedenis.nl/gemeentenaam/Drimmelen,http://www.gemeentegeschiedenis.nl/amco/10258,10258,1719,0,1998,heden,Noord-Brabant
Drongelen,http://www.gemeentegeschiedenis.nl/gemeentenaam/Drongelen,http://www.gemeentegeschiedenis.nl/amco/10111,10111,1049,0,1908,1923,Noord-Brabant
"Drongelen, Haagoort, Gansoijen en Doeveren",http://www.gemeentegeschiedenis.nl/gemeentenaam/Drongelen__Haagoort__Gansoijen_en_Doeveren,http://www.gemeentegeschiedenis.nl/amco/10111,10111,1263,0,oudsher,1908,Noord-Brabant
Drunen,http://www.gemeentegeschiedenis.nl/gemeentenaam/Drunen,http://www.gemeentegeschiedenis.nl/amco/10428,10428,767,0,oudsher,1997,Noord-Brabant
Duizel en Steensel,http://www.gemeentegeschiedenis.nl/gemeentenaam/Duizel_en_Steensel,http://www.gemeentegeschiedenis.nl/amco/11005,11005,1051,0,oudsher,1923,Noord-Brabant
Den Dungen,http://www.gemeentegeschiedenis.nl/gemeentenaam/Den_Dungen,http://www.gemeentegeschiedenis.nl/amco/10491,10491,768,0,oudsher,1996,Noord-Brabant
Dussen,http://www.gemeentegeschiedenis.nl/gemeentenaam/Dussen,http://www.gemeentegeschiedenis.nl/amco/10261,10261,769,0,1908,1997,Noord-Brabant
"Dussen, Munster en Muilkerk",http://www.gemeentegeschiedenis.nl/gemeentenaam/Dussen__Munster_en_Muilkerk,http://www.gemeentegeschiedenis.nl/amco/10261,10261,1265,0,oudsher,1908,Noord-Brabant
Eersel,http://www.gemeentegeschiedenis.nl/gemeentenaam/Eersel,http://www.gemeentegeschiedenis.nl/amco/10741,10741,770,2756341,oudsher,heden,Noord-Brabant
Eethen,http://www.gemeentegeschiedenis.nl/gemeentenaam/Eethen,http://www.gemeentegeschiedenis.nl/amco/10010,10010,771,0,1923,1973,Noord-Brabant
"Eethen, Genderen en Heesbeen",http://www.gemeentegeschiedenis.nl/gemeentenaam/Eethen__Genderen_en_Heesbeen,http://www.gemeentegeschiedenis.nl/amco/10010,10010,,0,oudsher,1819,Noord-Brabant
Eindhoven,http://www.gemeentegeschiedenis.nl/gemeentenaam/Eindhoven,http://www.gemeentegeschiedenis.nl/amco/11298,11298,772,2756252,oudsher,heden,Noord-Brabant
Emmikhoven,http://www.gemeentegeschiedenis.nl/gemeentenaam/Emmikhoven,http://www.gemeentegeschiedenis.nl/amco/10621,10621,1056,0,oudsher,1879,Noord-Brabant
Empel en Meerwijk,http://www.gemeentegeschiedenis.nl/gemeentenaam/Empel_en_Meerwijk,http://www.gemeentegeschiedenis.nl/amco/10295,10295,773,0,oudsher,1971,Noord-Brabant
Engelen,http://www.gemeentegeschiedenis.nl/gemeentenaam/Engelen,http://www.gemeentegeschiedenis.nl/amco/10322,10322,774,0,1821,1971,Noord-Brabant
Erp,http://www.gemeentegeschiedenis.nl/gemeentenaam/Erp,http://www.gemeentegeschiedenis.nl/amco/10385,10385,775,0,oudsher,1994,Noord-Brabant
Esch,http://www.gemeentegeschiedenis.nl/gemeentenaam/Esch,http://www.gemeentegeschiedenis.nl/amco/10709,10709,776,0,oudsher,1996,Noord-Brabant
Escharen,http://www.gemeentegeschiedenis.nl/gemeentenaam/Escharen,http://www.gemeentegeschiedenis.nl/amco/10299,10299,1057,0,oudsher,1942,Noord-Brabant
Etten en Leur,http://www.gemeentegeschiedenis.nl/gemeentenaam/Etten_en_Leur,http://www.gemeentegeschiedenis.nl/amco/10750,10750,1251,0,oudsher,1968,Noord-Brabant
Etten-Leur,http://www.gemeentegeschiedenis.nl/gemeentenaam/Etten-Leur,http://www.gemeentegeschiedenis.nl/amco/10750,10750,777,2755994,1968,heden,Noord-Brabant
Fijnaart en Heijningen,http://www.gemeentegeschiedenis.nl/gemeentenaam/Fijnaart_en_Heijningen,http://www.gemeentegeschiedenis.nl/amco/10206,10206,778,0,oudsher,1997,Noord-Brabant
Gassel,http://www.gemeentegeschiedenis.nl/gemeentenaam/Gassel,http://www.gemeentegeschiedenis.nl/amco/10705,10705,1059,0,oudsher,1942,Noord-Brabant
Gastel [bij Budel],http://www.gemeentegeschiedenis.nl/gemeentenaam/Gastel_bij_Budel,http://www.gemeentegeschiedenis.nl/amco/11448,11448,,0,oudsher,1821,Noord-Brabant
Geertruidenberg,http://www.gemeentegeschiedenis.nl/gemeentenaam/Geertruidenberg,http://www.gemeentegeschiedenis.nl/amco/10101,10101,779,2755668,oudsher,heden,Noord-Brabant
Geffen,http://www.gemeentegeschiedenis.nl/gemeentenaam/Geffen,http://www.gemeentegeschiedenis.nl/amco/10370,10370,780,0,oudsher,1993,Noord-Brabant
Geldrop,http://www.gemeentegeschiedenis.nl/gemeentenaam/Geldrop,http://www.gemeentegeschiedenis.nl/amco/10529,10529,781,0,oudsher,2004,Noord-Brabant
Geldrop-Mierlo,http://www.gemeentegeschiedenis.nl/gemeentenaam/Geldrop-Mierlo,http://www.gemeentegeschiedenis.nl/amco/10529,10529,1771,6544232,2004,heden,Noord-Brabant
Gemert,http://www.gemeentegeschiedenis.nl/gemeentenaam/Gemert,http://www.gemeentegeschiedenis.nl/amco/10277,10277,782,0,oudsher,1997,Noord-Brabant
Gemert-Bakel,http://www.gemeentegeschiedenis.nl/gemeentenaam/Gemert-Bakel,http://www.gemeentegeschiedenis.nl/amco/10277,10277,1652,6544279,1997,heden,Noord-Brabant
Genderen,http://www.gemeentegeschiedenis.nl/gemeentenaam/Genderen,http://www.gemeentegeschiedenis.nl/amco/10010,10010,1060,0,1908,1923,Noord-Brabant
Gestel en Blaarthem,http://www.gemeentegeschiedenis.nl/gemeentenaam/Gestel_en_Blaarthem,http://www.gemeentegeschiedenis.nl/amco/11269,11269,1061,0,oudsher,1920,Noord-Brabant
Giessen,http://www.gemeentegeschiedenis.nl/gemeentenaam/Giessen,http://www.gemeentegeschiedenis.nl/amco/10193,10193,783,0,oudsher,1973,Noord-Brabant
Gilze en Rijen,http://www.gemeentegeschiedenis.nl/gemeentenaam/Gilze_en_Rijen,http://www.gemeentegeschiedenis.nl/amco/11375,11375,784,2755506,oudsher,heden,Noord-Brabant
Ginneken en Bavel,http://www.gemeentegeschiedenis.nl/gemeentenaam/Ginneken_en_Bavel,http://www.gemeentegeschiedenis.nl/amco/10406,10406,1064,0,oudsher,1942,Noord-Brabant
Goirle,http://www.gemeentegeschiedenis.nl/gemeentenaam/Goirle,http://www.gemeentegeschiedenis.nl/amco/10971,10971,785,2755463,oudsher,heden,Noord-Brabant
Grave,http://www.gemeentegeschiedenis.nl/gemeentenaam/Grave,http://www.gemeentegeschiedenis.nl/amco/10165,10165,786,2755357,oudsher,heden,Noord-Brabant
's-Gravenmoer,http://www.gemeentegeschiedenis.nl/gemeentenaam/s-Gravenmoer,http://www.gemeentegeschiedenis.nl/amco/10469,10469,787,0,oudsher,1997,Noord-Brabant
Haage,http://www.gemeentegeschiedenis.nl/gemeentenaam/Haage,http://www.gemeentegeschiedenis.nl/amco/10762,10762,,0,oudsher,1819,Noord-Brabant
Haaren,http://www.gemeentegeschiedenis.nl/gemeentenaam/Haaren,http://www.gemeentegeschiedenis.nl/amco/11155,11155,788,2755008,oudsher,heden,Noord-Brabant
Halderberge,http://www.gemeentegeschiedenis.nl/gemeentenaam/Halderberge,http://www.gemeentegeschiedenis.nl/amco/10397,10397,1655,6544271,1997,heden,Noord-Brabant
Halsteren,http://www.gemeentegeschiedenis.nl/gemeentenaam/Halsteren,http://www.gemeentegeschiedenis.nl/amco/10387,10387,789,0,oudsher,1997,Noord-Brabant
Haps,http://www.gemeentegeschiedenis.nl/gemeentenaam/Haps,http://www.gemeentegeschiedenis.nl/amco/11283,11283,790,0,oudsher,1994,Noord-Brabant
Haren en Macharen,http://www.gemeentegeschiedenis.nl/gemeentenaam/Haren_en_Macharen,http://www.gemeentegeschiedenis.nl/amco/10044,10044,,0,oudsher,1821,Noord-Brabant
Hedikhuizen,http://www.gemeentegeschiedenis.nl/gemeentenaam/Hedikhuizen,http://www.gemeentegeschiedenis.nl/amco/11130,11130,1071,0,oudsher,1935,Noord-Brabant
"Heesbeen, Eethen en Genderen",http://www.gemeentegeschiedenis.nl/gemeentenaam/Heesbeen__Eethen_en_Genderen,http://www.gemeentegeschiedenis.nl/amco/10010,10010,1255,0,1819,1908,Noord-Brabant
Heesch,http://www.gemeentegeschiedenis.nl/gemeentenaam/Heesch,http://www.gemeentegeschiedenis.nl/amco/10149,10149,791,0,oudsher,1995,Noord-Brabant
Heeswijk,http://www.gemeentegeschiedenis.nl/gemeentenaam/Heeswijk,http://www.gemeentegeschiedenis.nl/amco/11229,11229,1072,0,oudsher,1969,Noord-Brabant
Heeswijk-Dinther,http://www.gemeentegeschiedenis.nl/gemeentenaam/Heeswijk-Dinther,http://www.gemeentegeschiedenis.nl/amco/10690,10690,792,0,1969,1994,Noord-Brabant
Heeze,http://www.gemeentegeschiedenis.nl/gemeentenaam/Heeze,http://www.gemeentegeschiedenis.nl/amco/10462,10462,793,0,oudsher,1997,Noord-Brabant
Heeze-Leende,http://www.gemeentegeschiedenis.nl/gemeentenaam/Heeze-Leende,http://www.gemeentegeschiedenis.nl/amco/10462,10462,1658,6544277,1997,heden,Noord-Brabant
Helmond,http://www.gemeentegeschiedenis.nl/gemeentenaam/Helmond,http://www.gemeentegeschiedenis.nl/amco/10932,10932,794,2754446,oudsher,heden,Noord-Brabant
Helvoirt,http://www.gemeentegeschiedenis.nl/gemeentenaam/Helvoirt,http://www.gemeentegeschiedenis.nl/amco/10389,10389,795,0,oudsher,1996,Noord-Brabant
Herpen,http://www.gemeentegeschiedenis.nl/gemeentenaam/Herpen,http://www.gemeentegeschiedenis.nl/amco/11262,11262,1079,0,oudsher,1941,Noord-Brabant
Herpt,http://www.gemeentegeschiedenis.nl/gemeentenaam/Herpt,http://www.gemeentegeschiedenis.nl/amco/10845,10845,1080,0,oudsher,1935,Noord-Brabant
's-Hertogenbosch,http://www.gemeentegeschiedenis.nl/gemeentenaam/s-Hertogenbosch,http://www.gemeentegeschiedenis.nl/amco/10054,10054,796,0,oudsher,heden,Noord-Brabant
Heusden,http://www.gemeentegeschiedenis.nl/gemeentenaam/Heusden,http://www.gemeentegeschiedenis.nl/amco/10307,10307,797,2754134,oudsher,heden,Noord-Brabant
Hilvarenbeek,http://www.gemeentegeschiedenis.nl/gemeentenaam/Hilvarenbeek,http://www.gemeentegeschiedenis.nl/amco/11297,11297,798,2754065,oudsher,heden,Noord-Brabant
Hoeven,http://www.gemeentegeschiedenis.nl/gemeentenaam/Hoeven,http://www.gemeentegeschiedenis.nl/amco/10065,10065,799,0,oudsher,1997,Noord-Brabant
Hooge en Lage Mierde,http://www.gemeentegeschiedenis.nl/gemeentenaam/Hooge_en_Lage_Mierde,http://www.gemeentegeschiedenis.nl/amco/10476,10476,801,0,oudsher,1997,Noord-Brabant
Hooge en Lage Zwaluwe,http://www.gemeentegeschiedenis.nl/gemeentenaam/Hooge_en_Lage_Zwaluwe,http://www.gemeentegeschiedenis.nl/amco/11318,11318,802,0,oudsher,1997,Noord-Brabant
"Hoogeloon, Hapert en Casteren",http://www.gemeentegeschiedenis.nl/gemeentenaam/Hoogeloon__Hapert_en_Casteren,http://www.gemeentegeschiedenis.nl/amco/10657,10657,800,0,oudsher,1997,Noord-Brabant
Huijbergen,http://www.gemeentegeschiedenis.nl/gemeentenaam/Huijbergen,http://www.gemeentegeschiedenis.nl/amco/10466,10466,803,0,oudsher,1997,Noord-Brabant
Huisseling en Neerloon,http://www.gemeentegeschiedenis.nl/gemeentenaam/Huisseling_en_Neerloon,http://www.gemeentegeschiedenis.nl/amco/10049,10049,1088,0,oudsher,1923,Noord-Brabant
Kessel [NB],http://www.gemeentegeschiedenis.nl/gemeentenaam/Kessel_NB,http://www.gemeentegeschiedenis.nl/amco/10625,10625,,0,oudsher,1821,Noord-Brabant
Klundert,http://www.gemeentegeschiedenis.nl/gemeentenaam/Klundert,http://www.gemeentegeschiedenis.nl/amco/10656,10656,804,0,oudsher,1997,Noord-Brabant
Laarbeek,http://www.gemeentegeschiedenis.nl/gemeentenaam/Laarbeek,http://www.gemeentegeschiedenis.nl/amco/10173,10173,1659,6544266,1997,heden,Noord-Brabant
Landerd,http://www.gemeentegeschiedenis.nl/gemeentenaam/Landerd,http://www.gemeentegeschiedenis.nl/amco/10276,10276,1685,6544292,1994,heden,Noord-Brabant
Leende,http://www.gemeentegeschiedenis.nl/gemeentenaam/Leende,http://www.gemeentegeschiedenis.nl/amco/11017,11017,805,0,oudsher,1997,Noord-Brabant
Liempde,http://www.gemeentegeschiedenis.nl/gemeentenaam/Liempde,http://www.gemeentegeschiedenis.nl/amco/10390,10390,806,0,oudsher,1996,Noord-Brabant
Lierop,http://www.gemeentegeschiedenis.nl/gemeentenaam/Lierop,http://www.gemeentegeschiedenis.nl/amco/11279,11279,1102,0,oudsher,1935,Noord-Brabant
Lieshout,http://www.gemeentegeschiedenis.nl/gemeentenaam/Lieshout,http://www.gemeentegeschiedenis.nl/amco/10637,10637,807,0,oudsher,1997,Noord-Brabant
Linden,http://www.gemeentegeschiedenis.nl/gemeentenaam/Linden,http://www.gemeentegeschiedenis.nl/amco/11305,11305,1103,0,oudsher,1942,Noord-Brabant
Lith,http://www.gemeentegeschiedenis.nl/gemeentenaam/Lith,http://www.gemeentegeschiedenis.nl/amco/11219,11219,808,0,oudsher,2011,Noord-Brabant
Lithoijen,http://www.gemeentegeschiedenis.nl/gemeentenaam/Lithoijen,http://www.gemeentegeschiedenis.nl/amco/10024,10024,1104,0,oudsher,1939,Noord-Brabant
Loon op Zand,http://www.gemeentegeschiedenis.nl/gemeentenaam/Loon_op_Zand,http://www.gemeentegeschiedenis.nl/amco/11259,11259,809,2751455,oudsher,heden,Noord-Brabant
Luyksgestel,http://www.gemeentegeschiedenis.nl/gemeentenaam/Luyksgestel,http://www.gemeentegeschiedenis.nl/amco/10011,10011,810,0,oudsher,1997,Noord-Brabant
Maarheeze,http://www.gemeentegeschiedenis.nl/gemeentenaam/Maarheeze,http://www.gemeentegeschiedenis.nl/amco/11143,11143,811,0,oudsher,1997,Noord-Brabant
Maasdonk,http://www.gemeentegeschiedenis.nl/gemeentenaam/Maasdonk,http://www.gemeentegeschiedenis.nl/amco/10370,10370,1671,6544283,1993,heden,Noord-Brabant
Maashees en Overloon,http://www.gemeentegeschiedenis.nl/gemeentenaam/Maashees_en_Overloon,http://www.gemeentegeschiedenis.nl/amco/10532,10532,1109,0,oudsher,1942,Noord-Brabant
Made,http://www.gemeentegeschiedenis.nl/gemeentenaam/Made,http://www.gemeentegeschiedenis.nl/amco/10258,10258,1665,0,1997,1998,Noord-Brabant
Made en Drimmelen,http://www.gemeentegeschiedenis.nl/gemeentenaam/Made_en_Drimmelen,http://www.gemeentegeschiedenis.nl/amco/10258,10258,812,2751271,oudsher,1997,Noord-Brabant
Maren,http://www.gemeentegeschiedenis.nl/gemeentenaam/Maren,http://www.gemeentegeschiedenis.nl/amco/10495,10495,,0,oudsher,1821,Noord-Brabant
Meeuwen,http://www.gemeentegeschiedenis.nl/gemeentenaam/Meeuwen,http://www.gemeentegeschiedenis.nl/amco/10216,10216,1111,0,1908,1923,Noord-Brabant
"Meeuwen, Hill en Babyloniënbroek",http://www.gemeentegeschiedenis.nl/gemeentenaam/Meeuwen__Hill_en_Babylonienbroek,http://www.gemeentegeschiedenis.nl/amco/10216,10216,1264,0,oudsher,1908,Noord-Brabant
Megen,http://www.gemeentegeschiedenis.nl/gemeentenaam/Megen,http://www.gemeentegeschiedenis.nl/amco/10988,10988,,0,oudsher,1821,Noord-Brabant
"Megen, Haren en Macharen",http://www.gemeentegeschiedenis.nl/gemeentenaam/Megen__Haren_en_Macharen,http://www.gemeentegeschiedenis.nl/amco/10988,10988,813,0,1821,1994,Noord-Brabant
Mierlo,http://www.gemeentegeschiedenis.nl/gemeentenaam/Mierlo,http://www.gemeentegeschiedenis.nl/amco/10215,10215,814,0,oudsher,2004,Noord-Brabant
Mill en Sint Hubert,http://www.gemeentegeschiedenis.nl/gemeentenaam/Mill_en_Sint_Hubert,http://www.gemeentegeschiedenis.nl/amco/10535,10535,815,2750800,oudsher,heden,Noord-Brabant
Moerdijk,http://www.gemeentegeschiedenis.nl/gemeentenaam/Moerdijk,http://www.gemeentegeschiedenis.nl/amco/10046,10046,1709,6251995,1998,heden,Noord-Brabant
Moergestel,http://www.gemeentegeschiedenis.nl/gemeentenaam/Moergestel,http://www.gemeentegeschiedenis.nl/amco/11191,11191,816,0,oudsher,1997,Noord-Brabant
Nederwetten en Eckart,http://www.gemeentegeschiedenis.nl/gemeentenaam/Nederwetten_en_Eckart,http://www.gemeentegeschiedenis.nl/amco/11361,11361,,0,oudsher,1821,Noord-Brabant
Nieuw-Ginneken,http://www.gemeentegeschiedenis.nl/gemeentenaam/Nieuw-Ginneken,http://www.gemeentegeschiedenis.nl/amco/10406,10406,817,0,1942,1997,Noord-Brabant
Nieuwkuyk,http://www.gemeentegeschiedenis.nl/gemeentenaam/Nieuwkuyk,http://www.gemeentegeschiedenis.nl/amco/11278,11278,1123,0,oudsher,1935,Noord-Brabant
Nieuw-Vossemeer,http://www.gemeentegeschiedenis.nl/gemeentenaam/Nieuw-Vossemeer,http://www.gemeentegeschiedenis.nl/amco/10401,10401,818,0,oudsher,1997,Noord-Brabant
Nistelrode,http://www.gemeentegeschiedenis.nl/gemeentenaam/Nistelrode,http://www.gemeentegeschiedenis.nl/amco/10094,10094,819,0,oudsher,1994,Noord-Brabant
Nuenen en Gerwen,http://www.gemeentegeschiedenis.nl/gemeentenaam/Nuenen_en_Gerwen,http://www.gemeentegeschiedenis.nl/amco/10761,10761,,0,oudsher,1821,Noord-Brabant
"Nuenen, Gerwen en Nederwetten",http://www.gemeentegeschiedenis.nl/gemeentenaam/Nuenen__Gerwen_en_Nederwetten,http://www.gemeentegeschiedenis.nl/amco/10761,10761,820,2749779,1821,heden,Noord-Brabant
Nuland,http://www.gemeentegeschiedenis.nl/gemeentenaam/Nuland,http://www.gemeentegeschiedenis.nl/amco/10118,10118,821,0,oudsher,1993,Noord-Brabant
Oeffelt,http://www.gemeentegeschiedenis.nl/gemeentenaam/Oeffelt,http://www.gemeentegeschiedenis.nl/amco/10360,10360,822,0,oudsher,1994,Noord-Brabant
Oerle,http://www.gemeentegeschiedenis.nl/gemeentenaam/Oerle,http://www.gemeentegeschiedenis.nl/amco/10119,10119,1132,0,oudsher,1921,Noord-Brabant
Oijen en Teeffelen,http://www.gemeentegeschiedenis.nl/gemeentenaam/Oijen_en_Teeffelen,http://www.gemeentegeschiedenis.nl/amco/10869,10869,1150,0,oudsher,1939,Noord-Brabant
Oirschot,http://www.gemeentegeschiedenis.nl/gemeentenaam/Oirschot,http://www.gemeentegeschiedenis.nl/amco/10225,10225,823,2749682,oudsher,heden,Noord-Brabant
Oisterwijk,http://www.gemeentegeschiedenis.nl/gemeentenaam/Oisterwijk,http://www.gemeentegeschiedenis.nl/amco/10103,10103,824,2749679,oudsher,heden,Noord-Brabant
Oosterhout,http://www.gemeentegeschiedenis.nl/gemeentenaam/Oosterhout,http://www.gemeentegeschiedenis.nl/amco/11280,11280,826,2749447,oudsher,heden,Noord-Brabant
"Oost-, West- en Middelbeers",http://www.gemeentegeschiedenis.nl/gemeentenaam/Oost-__West-_en_Middelbeers,http://www.gemeentegeschiedenis.nl/amco/10220,10220,825,0,oudsher,1997,Noord-Brabant
Oploo,http://www.gemeentegeschiedenis.nl/gemeentenaam/Oploo,http://www.gemeentegeschiedenis.nl/amco/10110,10110,,0,oudsher,1821,Noord-Brabant
"Oploo, Sint Anthonis en Ledeacker",http://www.gemeentegeschiedenis.nl/gemeentenaam/Oploo__Sint_Anthonis_en_Ledeacker,http://www.gemeentegeschiedenis.nl/amco/11415,11415,827,0,1821,1994,Noord-Brabant
Oss,http://www.gemeentegeschiedenis.nl/gemeentenaam/Oss,http://www.gemeentegeschiedenis.nl/amco/10834,10834,828,2749233,oudsher,heden,Noord-Brabant
Ossendrecht,http://www.gemeentegeschiedenis.nl/gemeentenaam/Ossendrecht,http://www.gemeentegeschiedenis.nl/amco/10929,10929,829,0,oudsher,1997,Noord-Brabant
Oudenbosch,http://www.gemeentegeschiedenis.nl/gemeentenaam/Oudenbosch,http://www.gemeentegeschiedenis.nl/amco/10397,10397,830,0,oudsher,1997,Noord-Brabant
Oud- en Nieuw-Gastel,http://www.gemeentegeschiedenis.nl/gemeentenaam/Oud-_en_Nieuw-Gastel,http://www.gemeentegeschiedenis.nl/amco/11363,11363,831,0,oudsher,1997,Noord-Brabant
Oudheusden,http://www.gemeentegeschiedenis.nl/gemeentenaam/Oudheusden,http://www.gemeentegeschiedenis.nl/amco/10812,10812,1145,0,oudsher,1935,Noord-Brabant
Princenhage,http://www.gemeentegeschiedenis.nl/gemeentenaam/Princenhage,http://www.gemeentegeschiedenis.nl/amco/10762,10762,1156,0,1819,1942,Noord-Brabant
Prinsenbeek,http://www.gemeentegeschiedenis.nl/gemeentenaam/Prinsenbeek,http://www.gemeentegeschiedenis.nl/amco/11354,11354,832,0,1951,1997,Noord-Brabant
Putte,http://www.gemeentegeschiedenis.nl/gemeentenaam/Putte,http://www.gemeentegeschiedenis.nl/amco/10099,10099,833,0,oudsher,1997,Noord-Brabant
Raamsdonk,http://www.gemeentegeschiedenis.nl/gemeentenaam/Raamsdonk,http://www.gemeentegeschiedenis.nl/amco/11391,11391,834,0,oudsher,1997,Noord-Brabant
Ravenstein,http://www.gemeentegeschiedenis.nl/gemeentenaam/Ravenstein,http://www.gemeentegeschiedenis.nl/amco/10805,10805,835,0,oudsher,2003,Noord-Brabant
Reek,http://www.gemeentegeschiedenis.nl/gemeentenaam/Reek,http://www.gemeentegeschiedenis.nl/amco/10671,10671,1158,0,oudsher,1942,Noord-Brabant
Reusel,http://www.gemeentegeschiedenis.nl/gemeentenaam/Reusel,http://www.gemeentegeschiedenis.nl/amco/10162,10162,836,0,oudsher,1997,Noord-Brabant
Reusel-De Mierden,http://www.gemeentegeschiedenis.nl/gemeentenaam/Reusel-De_Mierden,http://www.gemeentegeschiedenis.nl/amco/10162,10162,1667,6544280,1997,heden,Noord-Brabant
Riethoven,http://www.gemeentegeschiedenis.nl/gemeentenaam/Riethoven,http://www.gemeentegeschiedenis.nl/amco/10455,10455,837,0,oudsher,1997,Noord-Brabant
Rijsbergen,http://www.gemeentegeschiedenis.nl/gemeentenaam/Rijsbergen,http://www.gemeentegeschiedenis.nl/amco/10866,10866,841,0,oudsher,1997,Noord-Brabant
Rijswijk [NB],http://www.gemeentegeschiedenis.nl/gemeentenaam/Rijswijk_NB,http://www.gemeentegeschiedenis.nl/amco/11016,11016,842,0,oudsher,1973,Noord-Brabant
Roosendaal,http://www.gemeentegeschiedenis.nl/gemeentenaam/Roosendaal,http://www.gemeentegeschiedenis.nl/amco/10407,10407,1674,2747929,1997,heden,Noord-Brabant
Roosendaal en Nispen,http://www.gemeentegeschiedenis.nl/gemeentenaam/Roosendaal_en_Nispen,http://www.gemeentegeschiedenis.nl/amco/10407,10407,838,0,oudsher,1997,Noord-Brabant
Rosmalen,http://www.gemeentegeschiedenis.nl/gemeentenaam/Rosmalen,http://www.gemeentegeschiedenis.nl/amco/10970,10970,839,0,oudsher,1996,Noord-Brabant
Rucphen,http://www.gemeentegeschiedenis.nl/gemeentenaam/Rucphen,http://www.gemeentegeschiedenis.nl/amco/11152,11152,840,2747857,oudsher,heden,Noord-Brabant
Sambeek,http://www.gemeentegeschiedenis.nl/gemeentenaam/Sambeek,http://www.gemeentegeschiedenis.nl/amco/10339,10339,1167,0,oudsher,1942,Noord-Brabant
Schaijk,http://www.gemeentegeschiedenis.nl/gemeentenaam/Schaijk,http://www.gemeentegeschiedenis.nl/amco/10276,10276,843,0,oudsher,1994,Noord-Brabant
Schijndel,http://www.gemeentegeschiedenis.nl/gemeentenaam/Schijndel,http://www.gemeentegeschiedenis.nl/amco/11178,11178,844,2747583,oudsher,heden,Noord-Brabant
Sint Anthonis,http://www.gemeentegeschiedenis.nl/gemeentenaam/Sint_Anthonis,http://www.gemeentegeschiedenis.nl/amco/11415,11415,1702,2749288,1995,heden,Noord-Brabant
Sint Anthonis en Ledeacker,http://www.gemeentegeschiedenis.nl/gemeentenaam/Sint_Anthonis_en_Ledeacker,http://www.gemeentegeschiedenis.nl/amco/11415,11415,,0,oudsher,1821,Noord-Brabant
Sint-Michielsgestel,http://www.gemeentegeschiedenis.nl/gemeentenaam/Sint-Michielsgestel,http://www.gemeentegeschiedenis.nl/amco/10496,10496,845,2747233,oudsher,heden,Noord-Brabant
Sint-Oedenrode,http://www.gemeentegeschiedenis.nl/gemeentenaam/Sint-Oedenrode,http://www.gemeentegeschiedenis.nl/amco/10399,10399,846,2747226,oudsher,heden,Noord-Brabant
Soerendonk en Sterksel,http://www.gemeentegeschiedenis.nl/gemeentenaam/Soerendonk_en_Sterksel,http://www.gemeentegeschiedenis.nl/amco/10047,10047,,0,oudsher,1821,Noord-Brabant
"Soerendonk, Sterksel en Gastel",http://www.gemeentegeschiedenis.nl/gemeentenaam/Soerendonk__Sterksel_en_Gastel,http://www.gemeentegeschiedenis.nl/amco/10047,10047,1183,0,1821,1925,Noord-Brabant
Someren,http://www.gemeentegeschiedenis.nl/gemeentenaam/Someren,http://www.gemeentegeschiedenis.nl/amco/10203,10203,847,2747020,oudsher,heden,Noord-Brabant
Son en Breugel,http://www.gemeentegeschiedenis.nl/gemeentenaam/Son_en_Breugel,http://www.gemeentegeschiedenis.nl/amco/10549,10549,848,2747009,oudsher,heden,Noord-Brabant
Sprang,http://www.gemeentegeschiedenis.nl/gemeentenaam/Sprang,http://www.gemeentegeschiedenis.nl/amco/10659,10659,1187,0,oudsher,1923,Noord-Brabant
Sprang-Capelle,http://www.gemeentegeschiedenis.nl/gemeentenaam/Sprang-Capelle,http://www.gemeentegeschiedenis.nl/amco/11233,11233,849,0,1923,1997,Noord-Brabant
Standdaarbuiten,http://www.gemeentegeschiedenis.nl/gemeentenaam/Standdaarbuiten,http://www.gemeentegeschiedenis.nl/amco/11212,11212,850,0,oudsher,1997,Noord-Brabant
St.Anthonis,http://www.gemeentegeschiedenis.nl/gemeentenaam/St.Anthonis,http://www.gemeentegeschiedenis.nl/amco/11415,11415,1691,0,1994,1995,Noord-Brabant
Steenbergen,http://www.gemeentegeschiedenis.nl/gemeentenaam/Steenbergen,http://www.gemeentegeschiedenis.nl/amco/10731,10731,"0851 (Steenbergen), 1376 (Steenbergen en Kruisland)",2746801,oudsher,heden,Noord-Brabant
Stiphout,http://www.gemeentegeschiedenis.nl/gemeentenaam/Stiphout,http://www.gemeentegeschiedenis.nl/amco/11386,11386,1196,0,oudsher,1968,Noord-Brabant
Stratum,http://www.gemeentegeschiedenis.nl/gemeentenaam/Stratum,http://www.gemeentegeschiedenis.nl/amco/10172,10172,1199,0,oudsher,1920,Noord-Brabant
Strijp,http://www.gemeentegeschiedenis.nl/gemeentenaam/Strijp,http://www.gemeentegeschiedenis.nl/amco/10521,10521,1201,0,oudsher,1920,Noord-Brabant
Terheijden,http://www.gemeentegeschiedenis.nl/gemeentenaam/Terheijden,http://www.gemeentegeschiedenis.nl/amco/10905,10905,853,0,oudsher,1997,Noord-Brabant
Teteringen,http://www.gemeentegeschiedenis.nl/gemeentenaam/Teteringen,http://www.gemeentegeschiedenis.nl/amco/10677,10677,854,0,oudsher,1997,Noord-Brabant
Tilburg,http://www.gemeentegeschiedenis.nl/gemeentenaam/Tilburg,http://www.gemeentegeschiedenis.nl/amco/10792,10792,855,2746300,oudsher,heden,Noord-Brabant
Tongelre,http://www.gemeentegeschiedenis.nl/gemeentenaam/Tongelre,http://www.gemeentegeschiedenis.nl/amco/11240,11240,1203,0,oudsher,1920,Noord-Brabant
Uden,http://www.gemeentegeschiedenis.nl/gemeentenaam/Uden,http://www.gemeentegeschiedenis.nl/amco/11141,11141,856,2746004,oudsher,heden,Noord-Brabant
Udenhout,http://www.gemeentegeschiedenis.nl/gemeentenaam/Udenhout,http://www.gemeentegeschiedenis.nl/amco/11268,11268,857,0,oudsher,1997,Noord-Brabant
Valkenswaard,http://www.gemeentegeschiedenis.nl/gemeentenaam/Valkenswaard,http://www.gemeentegeschiedenis.nl/amco/11031,11031,858,2745859,oudsher,heden,Noord-Brabant
Veen,http://www.gemeentegeschiedenis.nl/gemeentenaam/Veen,http://www.gemeentegeschiedenis.nl/amco/10015,10015,859,0,oudsher,1973,Noord-Brabant
Veghel,http://www.gemeentegeschiedenis.nl/gemeentenaam/Veghel,http://www.gemeentegeschiedenis.nl/amco/10985,10985,860,2745725,oudsher,heden,Noord-Brabant
Veldhoven,http://www.gemeentegeschiedenis.nl/gemeentenaam/Veldhoven,http://www.gemeentegeschiedenis.nl/amco/10071,10071,861,2745704,1921,heden,Noord-Brabant
Veldhoven en Meerveldhoven,http://www.gemeentegeschiedenis.nl/gemeentenaam/Veldhoven_en_Meerveldhoven,http://www.gemeentegeschiedenis.nl/amco/10071,10071,1206,0,oudsher,1921,Noord-Brabant
Velp [NB],http://www.gemeentegeschiedenis.nl/gemeentenaam/Velp_NB,http://www.gemeentegeschiedenis.nl/amco/10170,10170,1208,0,oudsher,1942,Noord-Brabant
"Vessem, Wintelre en Knegsel",http://www.gemeentegeschiedenis.nl/gemeentenaam/Vessem__Wintelre_en_Knegsel,http://www.gemeentegeschiedenis.nl/amco/11414,11414,862,0,oudsher,1997,Noord-Brabant
Vierlingsbeek,http://www.gemeentegeschiedenis.nl/gemeentenaam/Vierlingsbeek,http://www.gemeentegeschiedenis.nl/amco/10066,10066,863,0,oudsher,1998,Noord-Brabant
Vlierden,http://www.gemeentegeschiedenis.nl/gemeentenaam/Vlierden,http://www.gemeentegeschiedenis.nl/amco/10268,10268,1212,0,oudsher,1926,Noord-Brabant
Vlijmen,http://www.gemeentegeschiedenis.nl/gemeentenaam/Vlijmen,http://www.gemeentegeschiedenis.nl/amco/11293,11293,864,0,1821,1997,Noord-Brabant
Vlijmen en Engelen,http://www.gemeentegeschiedenis.nl/gemeentenaam/Vlijmen_en_Engelen,http://www.gemeentegeschiedenis.nl/amco/11293,11293,,0,oudsher,1821,Noord-Brabant
Vrijhoeve-Capelle,http://www.gemeentegeschiedenis.nl/gemeentenaam/Vrijhoeve-Capelle,http://www.gemeentegeschiedenis.nl/amco/10870,10870,1216,0,oudsher,1923,Noord-Brabant
Vught,http://www.gemeentegeschiedenis.nl/gemeentenaam/Vught,http://www.gemeentegeschiedenis.nl/amco/11224,11224,865,2745153,oudsher,heden,Noord-Brabant
Waalre,http://www.gemeentegeschiedenis.nl/gemeentenaam/Waalre,http://www.gemeentegeschiedenis.nl/amco/10959,10959,866,2745126,oudsher,heden,Noord-Brabant
Waalwijk,http://www.gemeentegeschiedenis.nl/gemeentenaam/Waalwijk,http://www.gemeentegeschiedenis.nl/amco/11359,11359,867,2745122,oudsher,heden,Noord-Brabant
Wanroij,http://www.gemeentegeschiedenis.nl/gemeentenaam/Wanroij,http://www.gemeentegeschiedenis.nl/amco/10265,10265,868,0,oudsher,1994,Noord-Brabant
Waspik,http://www.gemeentegeschiedenis.nl/gemeentenaam/Waspik,http://www.gemeentegeschiedenis.nl/amco/10402,10402,869,0,oudsher,1997,Noord-Brabant
Werkendam,http://www.gemeentegeschiedenis.nl/gemeentenaam/Werkendam,http://www.gemeentegeschiedenis.nl/amco/10078,10078,870,2744826,oudsher,heden,Noord-Brabant
De Werken en Sleeuwijk,http://www.gemeentegeschiedenis.nl/gemeentenaam/De_Werken_en_Sleeuwijk,http://www.gemeentegeschiedenis.nl/amco/10116,10116,1222,0,oudsher,1950,Noord-Brabant
Westerhoven,http://www.gemeentegeschiedenis.nl/gemeentenaam/Westerhoven,http://www.gemeentegeschiedenis.nl/amco/11041,11041,871,0,oudsher,1997,Noord-Brabant
Wijk en Aalburg,http://www.gemeentegeschiedenis.nl/gemeentenaam/Wijk_en_Aalburg,http://www.gemeentegeschiedenis.nl/amco/11084,11084,876,0,oudsher,1973,Noord-Brabant
Willemstad,http://www.gemeentegeschiedenis.nl/gemeentenaam/Willemstad,http://www.gemeentegeschiedenis.nl/amco/10827,10827,872,0,oudsher,1997,Noord-Brabant
Woensdrecht,http://www.gemeentegeschiedenis.nl/gemeentenaam/Woensdrecht,http://www.gemeentegeschiedenis.nl/amco/10602,10602,873,2744256,oudsher,heden,Noord-Brabant
Woensel,http://www.gemeentegeschiedenis.nl/gemeentenaam/Woensel,http://www.gemeentegeschiedenis.nl/amco/10894,10894,1228,0,oudsher,1920,Noord-Brabant
Woudrichem,http://www.gemeentegeschiedenis.nl/gemeentenaam/Woudrichem,http://www.gemeentegeschiedenis.nl/amco/10282,10282,874,2744155,oudsher,heden,Noord-Brabant
Wouw,http://www.gemeentegeschiedenis.nl/gemeentenaam/Wouw,http://www.gemeentegeschiedenis.nl/amco/10808,10808,875,0,oudsher,1997,Noord-Brabant
Zeeland,http://www.gemeentegeschiedenis.nl/gemeentenaam/Zeeland,http://www.gemeentegeschiedenis.nl/amco/10759,10759,877,0,oudsher,1994,Noord-Brabant
Zeelst,http://www.gemeentegeschiedenis.nl/gemeentenaam/Zeelst,http://www.gemeentegeschiedenis.nl/amco/10096,10096,1233,0,oudsher,1921,Noord-Brabant
Zesgehuchten,http://www.gemeentegeschiedenis.nl/gemeentenaam/Zesgehuchten,http://www.gemeentegeschiedenis.nl/amco/10329,10329,1235,0,oudsher,1921,Noord-Brabant
Zevenbergen,http://www.gemeentegeschiedenis.nl/gemeentenaam/Zevenbergen,http://www.gemeentegeschiedenis.nl/amco/10046,10046,878,0,oudsher,1998,Noord-Brabant
Zundert,http://www.gemeentegeschiedenis.nl/gemeentenaam/Zundert,http://www.gemeentegeschiedenis.nl/amco/11192,11192,879,2743618,oudsher,heden,Noord-Brabant
